{
    "آذربایجان شرقی": [
        "آذرشهر",
        "اسکو",
        "اهر",
        "بستان‌آباد",
        "بناب",
        "تبریز",
        "جلفا",
        "خداآفرین",
        "سراب",
        "شبستر",
        "عجب‌شیر",
        "مراغه",
        "مرند",
        "ملکان",
        "میانه",
        "هریس",
        "هشترود",
        "ورزقان",
        "چاراویماق",
        "کلیبر"
    ],
    "آذربایجان غربی": [
        "ارومیه",
        "اشنویه",
        "باروق",
        "بوکان",
        "تکاب",
        "خوی",
        "سردشت",
        "سلماس",
        "شاهین‌دژ",
        "شوط",
        "ماکو",
        "مهاباد",
        "میاندوآب",
        "نقده",
        "پلدشت",
        "پیرانشهر",
        "چالدران",
        "چایپاره",
        "چهاربرج"
    ],
    "اردبیل": [
        "اردبیل",
        "اصلاندوز",
        "انگوت",
        "بیله‌سوار",
        "خلخال",
        "سرعین",
        "مشگین‌شهر",
        "نمین",
        "نیر",
        "پارس‌آباد",
        "کوثر",
        "گرمی"
    ],
    "اصفهان": [
        "آران و بیدگل",
        "اردستان",
        "اصفهان",
        "برخوار",
        "بوئین و میاندشت",
        "تیران و کرون",
        "جرقویه",
        "خمینی‌شهر",
        "خوانسار",
        "خور و بیابانک",
        "دهاقان",
        "سمیرم",
        "شاهین‌شهر و میمه",
        "شهرضا",
        "فریدن",
        "فریدون‌شهر",
        "فلاورجان",
        "لنجان",
        "مبارکه",
        "نائین",
        "نجف‌آباد",
        "نطنز",
        "هرند",
        "ورزنه",
        "چادگان",
        "کاشان",
        "کوهپایه",
        "گلپایگان"
    ],
    "البرز": [
        "اشتهارد",
        "ساوجبلاغ",
        "طالقان",
        "فردیس",
        "نظرآباد",
        "چهارباغ",
        "کرج"
    ],
    "ایلام": [
        "آبدانان",
        "ایلام",
        "ایوان",
        "بدره",
        "دره‌شهر",
        "دهلران",
        "سیروان",
        "ملکشاهی",
        "مهران",
        "هلیلان",
        "چرداول",
        "چوار"
    ],
    "بوشهر": [
        "بوشهر",
        "تنگستان",
        "جم",
        "دشتستان",
        "دشتی",
        "دیر",
        "دیلم",
        "عسلویه",
        "کنگان",
        "گناوه"
    ],
    "تهران": [
        "اسلامشهر",
        "بهارستان",
        "تهران",
        "دماوند",
        "رباط‌کریم",
        "ری",
        "شمیرانات",
        "شهریار",
        "فیروزکوه",
        "قدس",
        "قرچک",
        "ملارد",
        "ورامین",
        "پاکدشت",
        "پردیس",
        "پیشوا"
    ],
    "خراسان جنوبی": [
        "بشرویه",
        "بیرجند",
        "خوسف",
        "درمیان",
        "زیرکوه",
        "سرایان",
        "سربیشه",
        "طبس",
        "فردوس",
        "قائنات",
        "نهبندان"
    ],
    "خراسان رضوی": [
        "باخرز",
        "بجستان",
        "بردسکن",
        "بینالود",
        "تایباد",
        "تربت جام",
        "تربت حیدریه",
        "جغتای",
        "جوین",
        "خلیل‌آباد",
        "خواف",
        "خوشاب",
        "داورزن",
        "درگز",
        "رشتخوار",
        "زاوه",
        "زبرخان",
        "سبزوار",
        "سرخس",
        "ششتمد",
        "فریمان",
        "فیروزه",
        "قوچان",
        "مشهد",
        "مه‌ولات",
        "نیشابور",
        "چناران",
        "کاشمر",
        "کلات",
        "کوهسرخ",
        "گلبهار",
        "گناباد"
    ],
    "خراسان شمالی": [
        "اسفراین",
        "بجنورد",
        "جاجرم",
        "راز و جرگلان",
        "شیروان",
        "فاروج",
        "مانه و سملقان",
        "گرمه"
    ],
    "خوزستان": [
        "آبادان",
        "آغاجاری",
        "امیدیه",
        "اندیمشک",
        "اندیکا",
        "اهواز",
        "ایذه",
        "باغ‌ملک",
        "باوی",
        "بندر ماهشهر",
        "بهبهان",
        "حمیدیه",
        "خرمشهر",
        "دزفول",
        "دزپارت",
        "دشت آزادگان",
        "رامشیر",
        "رامهرمز",
        "شادگان",
        "شوش",
        "شوشتر",
        "لالی",
        "مسجدسلیمان",
        "هفتکل",
        "هندیجان",
        "هویزه",
        "کارون",
        "کرخه",
        "گتوند"
    ],
    "زنجان": [
        "ابهر",
        "ایجرود",
        "خدابنده",
        "خرمدره",
        "زنجان",
        "سلطانیه",
        "طارم",
        "ماه‌نشان"
    ],
    "سمنان": [
        "آرادان",
        "دامغان",
        "سرخه",
        "سمنان",
        "شاهرود",
        "مهدی‌شهر",
        "میامی",
        "گرمسار"
    ],
    "سیستان و بلوچستان": [
        "ایرانشهر",
        "تفتان",
        "خاش",
        "دشتیاری",
        "دلگان",
        "راسک",
        "زابل",
        "زاهدان",
        "زرآباد",
        "زهک",
        "سراوان",
        "سرباز",
        "سیب و سوران",
        "فنوج",
        "قصرقند",
        "لاشار",
        "مهرستان",
        "میرجاوه",
        "نیمروز",
        "نیک شهر",
        "هامون",
        "هیرمند",
        "چابهار",
        "کنارک",
        "گلشن"
    ],
    "فارس": [
        "آباده",
        "ارسنجان",
        "استهبان",
        "اقلید",
        "اوز",
        "بختگان",
        "بوانات",
        "بیضا",
        "جهرم",
        "خرامه",
        "خرم‌بید",
        "خفر",
        "خنج",
        "داراب",
        "رستم",
        "زرقان",
        "زرین‌دشت",
        "سروستان",
        "سرچهان",
        "سپیدان",
        "شیراز",
        "فراشبند",
        "فسا",
        "فیروزآباد",
        "قیر و کارزین",
        "لارستان",
        "لامرد",
        "مرودشت",
        "ممسنی",
        "مهر",
        "نی ریز",
        "پاسارگاد",
        "کازرون",
        "کوار",
        "کوه‌چنار",
        "گراش"
    ],
    "قزوین": [
        "آبیک",
        "آوج",
        "البرز",
        "بوئین‌زهرا",
        "تاکستان",
        "قزوین"
    ],
    "قم": [
        "جعفرآباد",
        "قم",
        "کهک"
    ],
    "لرستان": [
        "ازنا",
        "الیگودرز",
        "بروجرد",
        "خرم‌آباد",
        "دلفان",
        "دوره",
        "دورود",
        "رومشکان",
        "سلسله",
        "پلدختر",
        "کوهدشت"
    ],
    "مازندران": [
        "آمل",
        "بابل",
        "بابلسر",
        "بهشهر",
        "تنکابن",
        "جویبار",
        "رامسر",
        "ساری",
        "سوادکوه شمالی",
        "سوادکوه",
        "سیمرغ",
        "عباس‌آباد",
        "فریدونکنار",
        "قائم‌شهر",
        "محمودآباد",
        "میاندرود",
        "نور",
        "نوشهر",
        "نکا",
        "چالوس",
        "کلاردشت",
        "گلوگاه"
    ],
    "مرکزی": [
        "آشتیان",
        "اراک",
        "تفرش",
        "خمین",
        "خنداب",
        "دلیجان",
        "زرندیه",
        "ساوه",
        "شازند",
        "فراهان",
        "محلات",
        "کمیجان"
    ],
    "هرمزگان": [
        "ابوموسی",
        "بستک",
        "بشاگرد",
        "بندر لنگه",
        "بندرعباس",
        "جاسک",
        "حاجی‌آباد",
        "خمیر",
        "رودان",
        "سیریک",
        "قشم",
        "میناب",
        "پارسیان"
    ],
    "همدان": [
        "اسدآباد",
        "بهار",
        "تویسرکان",
        "رزن",
        "فامنین",
        "ملایر",
        "نهاوند",
        "همدان",
        "کبودرآهنگ"
    ],
    "چهارمحال و بختیاری": [
        "اردل",
        "بروجن",
        "بن",
        "سامان",
        "شهرکرد",
        "فارسان",
        "لردگان",
        "کوهرنگ",
        "کیار"
    ],
    "کردستان": [
        "بانه",
        "بیجار",
        "دهگلان",
        "دیواندره",
        "سروآباد",
        "سقز",
        "سنندج",
        "قروه",
        "مریوان",
        "کامیاران"
    ],
    "کرمان": [
        "ارزوئیه",
        "انار",
        "بافت",
        "بردسیر",
        "بم",
        "جیرفت",
        "رابر",
        "راور",
        "رفسنجان",
        "رودبار جنوب",
        "ریگان",
        "زرند",
        "سیرجان",
        "شهربابک",
        "عنبرآباد",
        "فاریاب",
        "فهرج",
        "قلعه گنج",
        "منوجان",
        "نرماشیر",
        "کرمان",
        "کهنوج",
        "کوهبنان"
    ],
    "کرمانشاه": [
        "اسلام‌آباد غرب",
        "ثلاث باباجانی",
        "جوانرود",
        "دالاهو",
        "روانسر",
        "سرپل ذهاب",
        "سنقر",
        "صحنه",
        "قصرشیرین",
        "هرسین",
        "پاوه",
        "کرمانشاه",
        "کنگاور",
        "گیلانغرب"
    ],
    "کهگیلویه و بویراحمد": [
        "باشت",
        "بهمئی",
        "بویراحمد",
        "دنا",
        "لنده",
        "مارگون",
        "چرام",
        "کهگیلویه",
        "گچساران"
    ],
    "گلستان": [
        "آزادشهر",
        "آق‌قلا",
        "بندر گز",
        "ترکمن",
        "رامیان",
        "علی‌آباد",
        "مراوه‌تپه",
        "مینودشت",
        "کردکوی",
        "کلاله",
        "گالیکش",
        "گرگان",
        "گمیشان",
        "گنبد کاووس"
    ],
    "گیلان": [
        "آستارا",
        "آستانه اشرفیه",
        "املش",
        "بندر انزلی",
        "تالش",
        "خمام",
        "رشت",
        "رضوانشهر",
        "رودبار",
        "رودسر",
        "سیاهکل",
        "شفت",
        "صومعه‌سرا",
        "فومن",
        "لاهیجان",
        "لنگرود",
        "ماسال"
    ],
    "یزد": [
        "ابرکوه",
        "اردکان",
        "اشکذر",
        "بافق",
        "بهاباد",
        "تفت",
        "خاتم",
        "مروست",
        "مهریز",
        "میبد",
        "یزد"
    ]
}
